{
  "ckpt": "checkpoints/cnn_only/best.pt",
  "split": "val",
  "num_classes": 15,
  "thresholds": [
    0.6699999570846558,
    0.3499999940395355,
    0.20999999344348907,
    0.5899999737739563,
    0.3499999940395355,
    0.22999998927116394,
    0.4300000071525574,
    0.6100000143051147,
    0.7699999809265137,
    0.7099999785423279,
    0.3499999940395355,
    0.1899999976158142,
    0.44999998807907104,
    0.44999998807907104,
    0.32999998331069946
  ],
  "per_class_f1": [
    0.7701863646507263,
    0.8181818127632141,
    0.7777777910232544,
    0.25806450843811035,
    0.8674699068069458,
    0.7326732873916626,
    0.8559139966964722,
    0.8888888955116272,
    0.3636363744735718,
    0.75,
    0.5882353186607361,
    0.8500000238418579,
    0.5106382966041565,
    0.7083333134651184,
    0.4545454680919647
  ],
  "per_class_positives": [
    82,
    12,
    26,
    20,
    42,
    43,
    212,
    14,
    14,
    50,
    11,
    18,
    19,
    27,
    35
  ],
  "macro_f1_default": 0.6351381766858627,
  "macro_f1_tuned": 0.679636347015054,
  "grid_step": 0.02
}