{
  "ckpt": "checkpoints/cnn_only_v2/best.pt",
  "n_tiles": 4,
  "num_classes": 15,
  "thresholds": [
    0.4300000071525574,
    0.3700000047683716,
    0.32999998331069946,
    0.12999999523162842,
    0.4699999988079071,
    0.75,
    0.4899999797344208,
    0.5699999928474426,
    0.9099999666213989,
    0.550000011920929,
    0.5099999904632568,
    0.4899999797344208,
    0.6699999570846558,
    0.5699999928474426,
    0.26999998092651367
  ],
  "records": [
    {
      "tile_id": "S2_1-12-19_48MYU_0",
      "probs": [
        0.16211771965026855,
        0.025433477014303207,
        0.08014347404241562,
        0.020576566457748413,
        0.9934334754943848,
        0.18383605778217316,
        0.8726787567138672,
        0.01406435389071703,
        0.03932823985815048,
        0.1930115669965744,
        0.04328509047627449,
        0.03661508858203888,
        0.05138298124074936,
        0.9758831858634949,
        0.09327919781208038
      ],
      "preds": [
        0,
        0,
        0,
        0,
        1,
        0,
        1,
        0,
        0,
        0,
        0,
        0,
        0,
        1,
        0
      ],
      "predicted_classes": [
        4,
        6,
        13
      ],
      "geo": {
        "crs": "EPSG:32748",
        "bounds": [
          706740.0,
          9338400.0,
          709300.0,
          9340960.0
        ]
      }
    },
    {
      "tile_id": "S2_1-12-19_48MYU_1",
      "probs": [
        0.5579125285148621,
        0.020231610164046288,
        0.08222872763872147,
        0.023396985605359077,
        0.36213570833206177,
        0.055171601474285126,
        0.8430737853050232,
        0.03304296359419823,
        0.057019367814064026,
        0.1280767172574997,
        0.05050278082489967,
        0.040931228548288345,
        0.01402810774743557,
        0.22255201637744904,
        0.1431483030319214
      ],
      "preds": [
        1,
        0,
        0,
        0,
        0,
        0,
        1,
        0,
        0,
        0,
        0,
        0,
        0,
        0,
        0
      ],
      "predicted_classes": [
        0,
        6
      ],
      "geo": {
        "crs": "EPSG:32748",
        "bounds": [
          709300.0,
          9338400.0,
          711860.0,
          9340960.0
        ]
      }
    },
    {
      "tile_id": "S2_1-12-19_48MYU_2",
      "probs": [
        0.7721883654594421,
        0.017914583906531334,
        0.09604467451572418,
        0.03675442934036255,
        0.9001713991165161,
        0.07110514491796494,
        0.9367115497589111,
        0.015499725006520748,
        0.04491087794303894,
        0.056388139724731445,
        0.09235381335020065,
        0.012435192242264748,
        0.015034823678433895,
        0.6224560141563416,
        0.48185017704963684
      ],
      "preds": [
        1,
        0,
        0,
        0,
        1,
        0,
        1,
        0,
        0,
        0,
        0,
        0,
        0,
        1,
        1
      ],
      "predicted_classes": [
        0,
        4,
        6,
        13,
        14
      ],
      "geo": {
        "crs": "EPSG:32748",
        "bounds": [
          709300.0,
          9335840.0,
          711860.0,
          9338400.0
        ]
      }
    },
    {
      "tile_id": "S2_1-12-19_48MYU_3",
      "probs": [
        0.7135403752326965,
        0.029224691912531853,
        0.11015380918979645,
        0.031982872635126114,
        0.9967222809791565,
        0.059608135372400284,
        0.9371131062507629,
        0.007691805716603994,
        0.03807297721505165,
        0.08934390544891357,
        0.03462860733270645,
        0.03390169516205788,
        0.013883152976632118,
        0.9814753532409668,
        0.4394191801548004
      ],
      "preds": [
        1,
        0,
        0,
        0,
        1,
        0,
        1,
        0,
        0,
        0,
        0,
        0,
        0,
        1,
        1
      ],
      "predicted_classes": [
        0,
        4,
        6,
        13,
        14
      ],
      "geo": {
        "crs": "EPSG:32748",
        "bounds": [
          709300.0,
          9333280.0,
          711860.0,
          9335840.0
        ]
      }
    }
  ]
}