{
  "mean": [
    0.051975805312395096,
    0.04783982038497925,
    0.04056801646947861,
    0.03163570910692215,
    0.029726073145866394,
    0.03457442298531532,
    0.03875049576163292,
    0.034364379942417145,
    0.03921131789684296,
    0.023581281304359436,
    0.015888158231973648,
    -0.13732454180717468,
    0.3063420057296753,
    0.001078828820027411,
    0.0045564924366772175,
    0.2503455579280853,
    -0.20972156524658203,
    0.002737839240580797,
    0.9641767740249634
  ],
  "std": [
    0.01043750997632742,
    0.012056027539074421,
    0.012735855765640736,
    0.013460516929626465,
    0.013542105443775654,
    0.0194508396089077,
    0.02298825979232788,
    0.021811513230204582,
    0.024970414116978645,
    0.015759151428937912,
    0.010585369542241096,
    0.08695806562900543,
    0.09158039093017578,
    0.005602238234132528,
    0.014344476163387299,
    0.07455688714981079,
    0.045233067125082016,
    0.05866853892803192,
    0.0143668781965971
  ]
}