{
  "ckpt": "checkpoints/cnn_only_v2/best.pt",
  "split": "val",
  "num_classes": 15,
  "thresholds": [
    0.4300000071525574,
    0.3700000047683716,
    0.32999998331069946,
    0.12999999523162842,
    0.4699999988079071,
    0.75,
    0.4899999797344208,
    0.5699999928474426,
    0.9099999666213989,
    0.550000011920929,
    0.5099999904632568,
    0.4899999797344208,
    0.6699999570846558,
    0.5699999928474426,
    0.26999998092651367
  ],
  "per_class_f1": [
    0.7461140155792236,
    0.8333333134651184,
    0.7142857313156128,
    0.28205129504203796,
    0.8311688303947449,
    0.7126436829566956,
    0.8577494621276855,
    0.8461538553237915,
    0.4166666567325592,
    0.6984127163887024,
    0.6000000238418579,
    0.875,
    0.517241358757019,
    0.6296296119689941,
    0.4516128897666931
  ],
  "per_class_positives": [
    82,
    12,
    26,
    20,
    42,
    43,
    212,
    14,
    14,
    50,
    11,
    18,
    19,
    27,
    35
  ],
  "macro_f1_default": 0.6337425396832246,
  "macro_f1_tuned": 0.6674708947500544,
  "grid_step": 0.02
}