{
  "ckpt": "checkpoints/cnn_only_v3/best.pt",
  "split": "val",
  "num_classes": 15,
  "thresholds": [
    0.6299999952316284,
    0.8299999833106995,
    0.4899999797344208,
    0.6499999761581421,
    0.5899999737739563,
    0.5899999737739563,
    0.44999998807907104,
    0.9300000071525574,
    0.75,
    0.7299999594688416,
    0.5099999904632568,
    0.8499999642372131,
    0.5099999904632568,
    0.5899999737739563,
    0.4699999988079071
  ],
  "per_class_f1": [
    0.8198757767677307,
    0.8695651888847351,
    0.8363636136054993,
    0.27906978130340576,
    0.8705882430076599,
    0.760869562625885,
    0.8571428656578064,
    0.9230769276618958,
    0.5384615659713745,
    0.6666666865348816,
    0.6666666865348816,
    0.9230769276618958,
    0.5,
    0.7272727489471436,
    0.5504587292671204
  ],
  "per_class_positives": [
    82,
    12,
    26,
    20,
    42,
    43,
    212,
    14,
    14,
    50,
    11,
    18,
    19,
    27,
    35
  ],
  "macro_f1_default": 0.646840533657928,
  "macro_f1_tuned": 0.7192770144044304,
  "grid_step": 0.02
}